network_type,target_kappa_eff,realized_kappa_eff,mechanism,seed,init_mode,noise_bare,noise_eff,omega_std,residual_kappa,initial_CI,mean_CI,final_CI,min_CI,pct_time_ge_0.75,success,delta_mean_CI_vs_none,delta_final_CI_vs_none,effect_isolated
meanfield,0.05,0.05,none,3,random,0.01,0.01,0.02,0.0,0.071065,0.069779,0.068524,0.068524,0.0,False,0.0,0.0,False
meanfield,0.05,0.05,noise_suppression,3,random,0.01,7.297e-05,0.02,0.0,0.071065,0.069893,0.068636,0.068636,0.0,False,0.000114,0.000112,False
meanfield,0.05,0.05,freq_narrowing,3,random,0.01,0.01,0.00291894,0.0,0.071065,0.07493,0.079056,0.071065,0.0,False,0.005151,0.010532,True
meanfield,0.05,0.05,residual_meanfield,3,random,0.01,0.01,0.02,0.2,0.071065,0.092101,0.11733,0.071065,0.0,False,0.022322,0.048806,True
meanfield,0.05,0.05,none,5,random,0.01,0.01,0.02,0.0,0.033844,0.033534,0.035702,0.032811,0.0,False,0.0,0.0,False
meanfield,0.05,0.05,noise_suppression,5,random,0.01,7.297e-05,0.02,0.0,0.033844,0.033381,0.03564,0.032607,0.0,False,-0.000153,-6.2e-05,False
meanfield,0.05,0.05,freq_narrowing,5,random,0.01,0.01,0.00291894,0.0,0.033844,0.035633,0.037333,0.033844,0.0,False,0.002099,0.001631,False
meanfield,0.05,0.05,residual_meanfield,5,random,0.01,0.01,0.02,0.2,0.033844,0.044727,0.061185,0.033844,0.0,False,0.011193,0.025483,True
meanfield,0.05,0.05,none,12,random,0.01,0.01,0.02,0.0,0.133231,0.147207,0.161779,0.133231,0.0,False,0.0,0.0,False
meanfield,0.05,0.05,noise_suppression,12,random,0.01,7.297e-05,0.02,0.0,0.133231,0.14748,0.162259,0.133231,0.0,False,0.000273,0.00048,False
meanfield,0.05,0.05,freq_narrowing,12,random,0.01,0.01,0.00291894,0.0,0.133231,0.144365,0.156145,0.133231,0.0,False,-0.002842,-0.005634,False
meanfield,0.05,0.05,residual_meanfield,12,random,0.01,0.01,0.02,0.2,0.133231,0.203794,0.292293,0.133231,0.0,False,0.056587,0.130514,True
meanfield,0.05,0.05,none,17,random,0.01,0.01,0.02,0.0,0.163877,0.173769,0.183999,0.163877,0.0,False,0.0,0.0,False
meanfield,0.05,0.05,noise_suppression,17,random,0.01,7.297e-05,0.02,0.0,0.163877,0.173975,0.184335,0.163877,0.0,False,0.000206,0.000336,False
meanfield,0.05,0.05,freq_narrowing,17,random,0.01,0.01,0.00291894,0.0,0.163877,0.175806,0.188321,0.163877,0.0,False,0.002037,0.004322,False
meanfield,0.05,0.05,residual_meanfield,17,random,0.01,0.01,0.02,0.2,0.163877,0.233839,0.31738,0.163877,0.0,False,0.06007,0.133381,True
meanfield,0.1,0.1,none,3,random,0.01,0.01,0.02,0.0,0.071065,0.074704,0.078604,0.071065,0.0,False,0.0,0.0,False
meanfield,0.1,0.1,noise_suppression,3,random,0.01,7.297e-05,0.02,0.0,0.071065,0.074828,0.078742,0.071065,0.0,False,0.000124,0.000138,False
meanfield,0.1,0.1,freq_narrowing,3,random,0.01,0.01,0.00291894,0.0,0.071065,0.080207,0.090247,0.071065,0.0,False,0.005503,0.011643,True
meanfield,0.1,0.1,residual_meanfield,3,random,0.01,0.01,0.02,0.2,0.071065,0.099085,0.134058,0.071065,0.0,False,0.024381,0.055454,True
meanfield,0.1,0.1,none,5,random,0.01,0.01,0.02,0.0,0.033844,0.035975,0.040854,0.03369,0.0,False,0.0,0.0,False
meanfield,0.1,0.1,noise_suppression,5,random,0.01,7.297e-05,0.02,0.0,0.033844,0.035811,0.040764,0.033766,0.0,False,-0.000164,-9e-05,False
meanfield,0.1,0.1,freq_narrowing,5,random,0.01,0.01,0.00291894,0.0,0.033844,0.03819,0.042772,0.033844,0.0,False,0.002215,0.001918,False
meanfield,0.1,0.1,residual_meanfield,5,random,0.01,0.01,0.02,0.2,0.033844,0.048293,0.070185,0.033844,0.0,False,0.012318,0.029331,True
meanfield,0.1,0.1,none,12,random,0.01,0.01,0.02,0.0,0.133231,0.159525,0.18847,0.133231,0.0,False,0.0,0.0,False
meanfield,0.1,0.1,noise_suppression,12,random,0.01,7.297e-05,0.02,0.0,0.133231,0.159812,0.188992,0.133231,0.0,False,0.000287,0.000522,False
meanfield,0.1,0.1,freq_narrowing,12,random,0.01,0.01,0.00291894,0.0,0.133231,0.156459,0.182177,0.133231,0.0,False,-0.003066,-0.006293,False
meanfield,0.1,0.1,residual_meanfield,12,random,0.01,0.01,0.02,0.2,0.133231,0.221616,0.336299,0.133231,0.0,False,0.062091,0.147829,True
meanfield,0.1,0.1,none,17,random,0.01,0.01,0.02,0.0,0.163877,0.187165,0.212258,0.163877,0.0,False,0.0,0.0,False
meanfield,0.1,0.1,noise_suppression,17,random,0.01,7.297e-05,0.02,0.0,0.163877,0.187387,0.212635,0.163877,0.0,False,0.000222,0.000377,False
meanfield,0.1,0.1,freq_narrowing,17,random,0.01,0.01,0.00291894,0.0,0.163877,0.189404,0.217239,0.163877,0.0,False,0.002239,0.004981,False
meanfield,0.1,0.1,residual_meanfield,17,random,0.01,0.01,0.02,0.2,0.163877,0.252065,0.360228,0.163877,0.0,False,0.0649,0.14797,True
meanfield,0.2,0.2,none,3,random,0.01,0.01,0.02,0.0,0.071065,0.085953,0.103134,0.071065,0.0,False,0.0,0.0,False
meanfield,0.2,0.2,noise_suppression,3,random,0.01,7.297e-05,0.02,0.0,0.071065,0.0861,0.103334,0.071065,0.0,False,0.000147,0.0002,False
meanfield,0.2,0.2,freq_narrowing,3,random,0.01,0.01,0.00291894,0.0,0.071065,0.092274,0.117483,0.071065,0.0,False,0.006321,0.014349,True
meanfield,0.2,0.2,residual_meanfield,3,random,0.01,0.01,0.02,0.2,0.071065,0.11505,0.174386,0.071065,0.0,False,0.029097,0.071252,True
meanfield,0.2,0.2,none,5,random,0.01,0.01,0.02,0.0,0.033844,0.041613,0.053645,0.033844,0.0,False,0.0,0.0,False
meanfield,0.2,0.2,noise_suppression,5,random,0.01,7.297e-05,0.02,0.0,0.033844,0.041426,0.053489,0.033844,0.0,False,-0.000187,-0.000156,False
meanfield,0.2,0.2,freq_narrowing,5,random,0.01,0.01,0.00291894,0.0,0.033844,0.044052,0.056058,0.033844,0.0,False,0.002439,0.002413,False
meanfield,0.2,0.2,residual_meanfield,5,random,0.01,0.01,0.02,0.2,0.033844,0.056549,0.092349,0.033844,0.0,False,0.014936,0.038704,True
meanfield,0.2,0.2,none,12,random,0.01,0.01,0.02,0.0,0.133231,0.188077,0.254301,0.133231,0.0,False,0.0,0.0,False
meanfield,0.2,0.2,noise_suppression,12,random,0.01,7.297e-05,0.02,0.0,0.133231,0.188392,0.254897,0.133231,0.0,False,0.000315,0.000596,False
meanfield,0.2,0.2,freq_narrowing,12,random,0.01,0.01,0.00291894,0.0,0.133231,0.184513,0.246515,0.133231,0.0,False,-0.003564,-0.007786,False
meanfield,0.2,0.2,residual_meanfield,12,random,0.01,0.01,0.02,0.2,0.133231,0.261582,0.435891,0.133231,0.0,False,0.073505,0.18159,True
meanfield,0.2,0.2,none,17,random,0.01,0.01,0.02,0.0,0.163877,0.217515,0.279686,0.163877,0.0,False,0.0,0.0,False
meanfield,0.2,0.2,noise_suppression,17,random,0.01,7.297e-05,0.02,0.0,0.163877,0.217775,0.280157,0.163877,0.0,False,0.00026,0.000471,False
meanfield,0.2,0.2,freq_narrowing,17,random,0.01,0.01,0.00291894,0.0,0.163877,0.220259,0.286381,0.163877,0.0,False,0.002744,0.006695,False
meanfield,0.2,0.2,residual_meanfield,17,random,0.01,0.01,0.02,0.2,0.163877,0.29214,0.455809,0.163877,0.0,False,0.074625,0.176123,True
meanfield,0.5,0.5,none,3,random,0.01,0.01,0.02,0.0,0.071065,0.134491,0.22671,0.071065,0.0,False,0.0,0.0,False
meanfield,0.5,0.5,noise_suppression,3,random,0.01,7.297e-05,0.02,0.0,0.071065,0.134733,0.227201,0.071065,0.0,False,0.000242,0.000491,False
meanfield,0.5,0.5,freq_narrowing,3,random,0.01,0.01,0.00291894,0.0,0.071065,0.144514,0.254735,0.071065,0.0,False,0.010023,0.028025,True
meanfield,0.5,0.5,residual_meanfield,3,random,0.01,0.01,0.02,0.2,0.071065,0.183305,0.368183,0.071065,0.0,False,0.048814,0.141473,True
meanfield,0.5,0.5,none,5,random,0.01,0.01,0.02,0.0,0.033844,0.066799,0.122044,0.033844,0.0,False,0.0,0.0,False
meanfield,0.5,0.5,noise_suppression,5,random,0.01,7.297e-05,0.02,0.0,0.033844,0.066524,0.121582,0.033844,0.0,False,-0.000275,-0.000462,False
meanfield,0.5,0.5,freq_narrowing,5,random,0.01,0.01,0.00291894,0.0,0.033844,0.069693,0.124412,0.033844,0.0,False,0.002894,0.002368,False
meanfield,0.5,0.5,residual_meanfield,5,random,0.01,0.01,0.02,0.2,0.033844,0.093565,0.208005,0.033844,0.0,False,0.026766,0.085961,True
meanfield,0.5,0.5,none,12,random,0.01,0.01,0.02,0.0,0.133231,0.307298,0.54531,0.133231,0.0,False,0.0,0.0,False
meanfield,0.5,0.5,noise_suppression,12,random,0.01,7.297e-05,0.02,0.0,0.133231,0.307615,0.545711,0.133231,0.0,False,0.000317,0.000401,False
meanfield,0.5,0.5,freq_narrowing,12,random,0.01,0.01,0.00291894,0.0,0.133231,0.302384,0.535153,0.133231,0.0,False,-0.004914,-0.010157,True
meanfield,0.5,0.5,residual_meanfield,12,random,0.01,0.01,0.02,0.2,0.133231,0.401282,0.733532,0.133231,0.0,False,0.093984,0.188222,True
meanfield,0.5,0.5,none,17,random,0.01,0.01,0.02,0.0,0.163877,0.337532,0.563992,0.163877,0.0,False,0.0,0.0,False
meanfield,0.5,0.5,noise_suppression,17,random,0.01,7.297e-05,0.02,0.0,0.163877,0.337921,0.564757,0.163877,0.0,False,0.000389,0.000765,False
meanfield,0.5,0.5,freq_narrowing,17,random,0.01,0.01,0.00291894,0.0,0.163877,0.342708,0.57935,0.163877,0.0,False,0.005176,0.015358,True
meanfield,0.5,0.5,residual_meanfield,17,random,0.01,0.01,0.02,0.2,0.163877,0.434867,0.779802,0.163877,4.5,False,0.097335,0.21581,True
lattice,0.05,0.05,none,3,random,0.01,0.01,0.02,0.0,0.071065,0.063578,0.056701,0.056701,0.0,False,0.0,0.0,False
lattice,0.05,0.05,noise_suppression,3,random,0.01,7.297e-05,0.02,0.0,0.071065,0.063669,0.056747,0.056747,0.0,False,9.1e-05,4.6e-05,False
lattice,0.05,0.05,freq_narrowing,3,random,0.01,0.01,0.00291894,0.0,0.071065,0.068303,0.065668,0.065668,0.0,False,0.004725,0.008967,False
lattice,0.05,0.05,residual_meanfield,3,random,0.01,0.01,0.02,0.2,0.071065,0.084458,0.100715,0.071065,0.0,False,0.02088,0.044014,True
lattice,0.05,0.05,none,5,random,0.01,0.01,0.02,0.0,0.033844,0.03174,0.030847,0.030661,0.0,False,0.0,0.0,False
lattice,0.05,0.05,noise_suppression,5,random,0.01,7.297e-05,0.02,0.0,0.033844,0.031562,0.030716,0.030486,0.0,False,-0.000178,-0.000131,False
lattice,0.05,0.05,freq_narrowing,5,random,0.01,0.01,0.00291894,0.0,0.033844,0.035427,0.036665,0.033844,0.0,False,0.003687,0.005818,False
lattice,0.05,0.05,residual_meanfield,5,random,0.01,0.01,0.02,0.2,0.033844,0.042598,0.054883,0.033844,0.0,False,0.010858,0.024036,True
lattice,0.05,0.05,none,12,random,0.01,0.01,0.02,0.0,0.133231,0.150451,0.166651,0.133231,0.0,False,0.0,0.0,False
lattice,0.05,0.05,noise_suppression,12,random,0.01,7.297e-05,0.02,0.0,0.133231,0.150704,0.167065,0.133231,0.0,False,0.000253,0.000414,False
lattice,0.05,0.05,freq_narrowing,12,random,0.01,0.01,0.00291894,0.0,0.133231,0.147698,0.161373,0.133231,0.0,False,-0.002753,-0.005278,False
lattice,0.05,0.05,residual_meanfield,12,random,0.01,0.01,0.02,0.2,0.133231,0.206965,0.295883,0.133231,0.0,False,0.056514,0.129232,True
lattice,0.05,0.05,none,17,random,0.01,0.01,0.02,0.0,0.163877,0.174793,0.186678,0.163877,0.0,False,0.0,0.0,False
lattice,0.05,0.05,noise_suppression,17,random,0.01,7.297e-05,0.02,0.0,0.163877,0.175001,0.18702,0.163877,0.0,False,0.000208,0.000342,False
lattice,0.05,0.05,freq_narrowing,17,random,0.01,0.01,0.00291894,0.0,0.163877,0.175623,0.187402,0.163877,0.0,False,0.00083,0.000724,False
lattice,0.05,0.05,residual_meanfield,17,random,0.01,0.01,0.02,0.2,0.163877,0.234989,0.320396,0.163877,0.0,False,0.060196,0.133718,True
lattice,0.1,0.1,none,3,random,0.01,0.01,0.02,0.0,0.071065,0.062291,0.055407,0.055407,0.0,False,0.0,0.0,False
lattice,0.1,0.1,noise_suppression,3,random,0.01,7.297e-05,0.02,0.0,0.071065,0.062369,0.055416,0.055416,0.0,False,7.8e-05,9e-06,False
lattice,0.1,0.1,freq_narrowing,3,random,0.01,0.01,0.00291894,0.0,0.071065,0.066655,0.062886,0.062886,0.0,False,0.004364,0.007479,False
lattice,0.1,0.1,residual_meanfield,3,random,0.01,0.01,0.02,0.2,0.071065,0.083129,0.098652,0.071065,0.0,False,0.020838,0.043245,True
lattice,0.1,0.1,none,5,random,0.01,0.01,0.02,0.0,0.033844,0.032312,0.030487,0.030478,0.0,False,0.0,0.0,False
lattice,0.1,0.1,noise_suppression,5,random,0.01,7.297e-05,0.02,0.0,0.033844,0.032109,0.03028,0.03028,0.0,False,-0.000203,-0.000207,False
lattice,0.1,0.1,freq_narrowing,5,random,0.01,0.01,0.00291894,0.0,0.033844,0.037532,0.03993,0.033844,0.0,False,0.00522,0.009443,False
lattice,0.1,0.1,residual_meanfield,5,random,0.01,0.01,0.02,0.2,0.033844,0.043786,0.05608,0.033844,0.0,False,0.011474,0.025593,True
lattice,0.1,0.1,none,12,random,0.01,0.01,0.02,0.0,0.133231,0.162964,0.188957,0.133231,0.0,False,0.0,0.0,False
lattice,0.1,0.1,noise_suppression,12,random,0.01,7.297e-05,0.02,0.0,0.133231,0.163205,0.189329,0.133231,0.0,False,0.000241,0.000372,False
lattice,0.1,0.1,freq_narrowing,12,random,0.01,0.01,0.00291894,0.0,0.133231,0.160206,0.183893,0.133231,0.0,False,-0.002758,-0.005064,False
lattice,0.1,0.1,residual_meanfield,12,random,0.01,0.01,0.02,0.2,0.133231,0.223648,0.329364,0.133231,0.0,False,0.060684,0.140407,True
lattice,0.1,0.1,none,17,random,0.01,0.01,0.02,0.0,0.163877,0.187533,0.21207,0.163877,0.0,False,0.0,0.0,False
lattice,0.1,0.1,noise_suppression,17,random,0.01,7.297e-05,0.02,0.0,0.163877,0.187754,0.21243,0.163877,0.0,False,0.000221,0.00036,False
lattice,0.1,0.1,freq_narrowing,17,random,0.01,0.01,0.00291894,0.0,0.163877,0.187383,0.210044,0.163877,0.0,False,-0.00015,-0.002026,False
lattice,0.1,0.1,residual_meanfield,17,random,0.01,0.01,0.02,0.2,0.163877,0.25209,0.358797,0.163877,0.0,False,0.064557,0.146727,True
lattice,0.2,0.2,none,3,random,0.01,0.01,0.02,0.0,0.071065,0.060536,0.053148,0.053148,0.0,False,0.0,0.0,False
lattice,0.2,0.2,noise_suppression,3,random,0.01,7.297e-05,0.02,0.0,0.071065,0.060602,0.053178,0.053178,0.0,False,6.6e-05,3e-05,False
lattice,0.2,0.2,freq_narrowing,3,random,0.01,0.01,0.00291894,0.0,0.071065,0.063814,0.056979,0.056979,0.0,False,0.003278,0.003831,False
lattice,0.2,0.2,residual_meanfield,3,random,0.01,0.01,0.02,0.2,0.071065,0.080339,0.092031,0.071065,0.0,False,0.019803,0.038883,True
lattice,0.2,0.2,none,5,random,0.01,0.01,0.02,0.0,0.033844,0.032295,0.027567,0.027317,0.0,False,0.0,0.0,False
lattice,0.2,0.2,noise_suppression,5,random,0.01,7.297e-05,0.02,0.0,0.033844,0.032073,0.027324,0.027052,0.0,False,-0.000222,-0.000243,False
lattice,0.2,0.2,freq_narrowing,5,random,0.01,0.01,0.00291894,0.0,0.033844,0.039446,0.038022,0.033844,0.0,False,0.007151,0.010455,True
lattice,0.2,0.2,residual_meanfield,5,random,0.01,0.01,0.02,0.2,0.033844,0.044552,0.053249,0.033844,0.0,False,0.012257,0.025682,True
lattice,0.2,0.2,none,12,random,0.01,0.01,0.02,0.0,0.133231,0.183379,0.221892,0.133231,0.0,False,0.0,0.0,False
lattice,0.2,0.2,noise_suppression,12,random,0.01,7.297e-05,0.02,0.0,0.133231,0.183584,0.222151,0.133231,0.0,False,0.000205,0.000259,False
lattice,0.2,0.2,freq_narrowing,12,random,0.01,0.01,0.00291894,0.0,0.133231,0.181046,0.218902,0.133231,0.0,False,-0.002333,-0.00299,False
lattice,0.2,0.2,residual_meanfield,12,random,0.01,0.01,0.02,0.2,0.133231,0.250298,0.377898,0.133231,0.0,False,0.066919,0.156006,True
lattice,0.2,0.2,none,17,random,0.01,0.01,0.02,0.0,0.163877,0.209981,0.252218,0.163877,0.0,False,0.0,0.0,False
lattice,0.2,0.2,noise_suppression,17,random,0.01,7.297e-05,0.02,0.0,0.163877,0.210209,0.252558,0.163877,0.0,False,0.000228,0.00034,False
lattice,0.2,0.2,freq_narrowing,17,random,0.01,0.01,0.00291894,0.0,0.163877,0.208173,0.245774,0.163877,0.0,False,-0.001808,-0.006444,False
lattice,0.2,0.2,residual_meanfield,17,random,0.01,0.01,0.02,0.2,0.163877,0.282787,0.42447,0.163877,0.0,False,0.072806,0.172252,True
lattice,0.5,0.5,none,3,random,0.01,0.01,0.02,0.0,0.071065,0.049281,0.026655,0.026655,0.0,False,0.0,0.0,False
lattice,0.5,0.5,noise_suppression,3,random,0.01,7.297e-05,0.02,0.0,0.071065,0.049359,0.026745,0.026745,0.0,False,7.8e-05,9e-05,False
lattice,0.5,0.5,freq_narrowing,3,random,0.01,0.01,0.00291894,0.0,0.071065,0.050482,0.027021,0.027021,0.0,False,0.001201,0.000366,False
lattice,0.5,0.5,residual_meanfield,3,random,0.01,0.01,0.02,0.2,0.071065,0.065692,0.058996,0.058728,0.0,False,0.016411,0.032341,True
lattice,0.5,0.5,none,5,random,0.01,0.01,0.02,0.0,0.033844,0.036552,0.055217,0.026102,0.0,False,0.0,0.0,False
lattice,0.5,0.5,noise_suppression,5,random,0.01,7.297e-05,0.02,0.0,0.033844,0.036395,0.05511,0.025893,0.0,False,-0.000157,-0.000107,False
lattice,0.5,0.5,freq_narrowing,5,random,0.01,0.01,0.00291894,0.0,0.033844,0.036393,0.03603,0.030844,0.0,False,-0.000159,-0.019187,True
lattice,0.5,0.5,residual_meanfield,5,random,0.01,0.01,0.02,0.2,0.033844,0.046449,0.074001,0.033844,0.0,False,0.009897,0.018784,True
lattice,0.5,0.5,none,12,random,0.01,0.01,0.02,0.0,0.133231,0.223386,0.269367,0.133231,0.0,False,0.0,0.0,False
lattice,0.5,0.5,noise_suppression,12,random,0.01,7.297e-05,0.02,0.0,0.133231,0.22357,0.269704,0.133231,0.0,False,0.000184,0.000337,False
lattice,0.5,0.5,freq_narrowing,12,random,0.01,0.01,0.00291894,0.0,0.133231,0.2244,0.277174,0.133231,0.0,False,0.001014,0.007807,False
lattice,0.5,0.5,residual_meanfield,12,random,0.01,0.01,0.02,0.2,0.133231,0.303429,0.46451,0.133231,0.0,False,0.080043,0.195143,True
lattice,0.5,0.5,none,17,random,0.01,0.01,0.02,0.0,0.163877,0.258775,0.333374,0.163877,0.0,False,0.0,0.0,False
lattice,0.5,0.5,noise_suppression,17,random,0.01,7.297e-05,0.02,0.0,0.163877,0.259083,0.334155,0.163877,0.0,False,0.000308,0.000781,False
lattice,0.5,0.5,freq_narrowing,17,random,0.01,0.01,0.00291894,0.0,0.163877,0.252794,0.313965,0.163877,0.0,False,-0.005981,-0.019409,True
lattice,0.5,0.5,residual_meanfield,17,random,0.01,0.01,0.02,0.2,0.163877,0.3536,0.559697,0.163877,0.0,False,0.094825,0.226323,True
smallworld,0.05,0.05,none,3,random,0.01,0.01,0.02,0.0,0.071065,0.068882,0.066587,0.066587,0.0,False,0.0,0.0,False
smallworld,0.05,0.05,noise_suppression,3,random,0.01,7.297e-05,0.02,0.0,0.071065,0.068995,0.066686,0.066686,0.0,False,0.000113,9.9e-05,False
smallworld,0.05,0.05,freq_narrowing,3,random,0.01,0.01,0.00291894,0.0,0.071065,0.074059,0.077125,0.071065,0.0,False,0.005177,0.010538,True
smallworld,0.05,0.05,residual_meanfield,3,random,0.01,0.01,0.02,0.2,0.071065,0.091,0.114579,0.071065,0.0,False,0.022118,0.047992,True
smallworld,0.05,0.05,none,5,random,0.01,0.01,0.02,0.0,0.033844,0.035192,0.037825,0.033718,0.0,False,0.0,0.0,False
smallworld,0.05,0.05,noise_suppression,5,random,0.01,7.297e-05,0.02,0.0,0.033844,0.035007,0.037676,0.033796,0.0,False,-0.000185,-0.000149,False
smallworld,0.05,0.05,freq_narrowing,5,random,0.01,0.01,0.00291894,0.0,0.033844,0.038062,0.042074,0.033844,0.0,False,0.00287,0.004249,False
smallworld,0.05,0.05,residual_meanfield,5,random,0.01,0.01,0.02,0.2,0.033844,0.046827,0.064477,0.033844,0.0,False,0.011635,0.026652,True
smallworld,0.05,0.05,none,12,random,0.01,0.01,0.02,0.0,0.133231,0.144292,0.155523,0.133231,0.0,False,0.0,0.0,False
smallworld,0.05,0.05,noise_suppression,12,random,0.01,7.297e-05,0.02,0.0,0.133231,0.144571,0.156018,0.133231,0.0,False,0.000279,0.000495,False
smallworld,0.05,0.05,freq_narrowing,12,random,0.01,0.01,0.00291894,0.0,0.133231,0.141633,0.150442,0.133231,0.0,False,-0.002659,-0.005081,False
smallworld,0.05,0.05,residual_meanfield,12,random,0.01,0.01,0.02,0.2,0.133231,0.199464,0.281071,0.133231,0.0,False,0.055172,0.125548,True
smallworld,0.05,0.05,none,17,random,0.01,0.01,0.02,0.0,0.163877,0.17137,0.179193,0.163877,0.0,False,0.0,0.0,False
smallworld,0.05,0.05,noise_suppression,17,random,0.01,7.297e-05,0.02,0.0,0.163877,0.171586,0.179552,0.163877,0.0,False,0.000216,0.000359,False
smallworld,0.05,0.05,freq_narrowing,17,random,0.01,0.01,0.00291894,0.0,0.163877,0.173111,0.182621,0.163877,0.0,False,0.001741,0.003428,False
smallworld,0.05,0.05,residual_meanfield,17,random,0.01,0.01,0.02,0.2,0.163877,0.231278,0.31223,0.163877,0.0,False,0.059908,0.133037,True
smallworld,0.1,0.1,none,3,random,0.01,0.01,0.02,0.0,0.071065,0.072515,0.07345,0.071065,0.0,False,0.0,0.0,False
smallworld,0.1,0.1,noise_suppression,3,random,0.01,7.297e-05,0.02,0.0,0.071065,0.072636,0.073553,0.071065,0.0,False,0.000121,0.000103,False
smallworld,0.1,0.1,freq_narrowing,3,random,0.01,0.01,0.00291894,0.0,0.071065,0.078078,0.08519,0.071065,0.0,False,0.005563,0.01174,True
smallworld,0.1,0.1,residual_meanfield,3,random,0.01,0.01,0.02,0.2,0.071065,0.096362,0.126764,0.071065,0.0,False,0.023847,0.053314,True
smallworld,0.1,0.1,none,5,random,0.01,0.01,0.02,0.0,0.033844,0.039212,0.044828,0.033844,0.0,False,0.0,0.0,False
smallworld,0.1,0.1,noise_suppression,5,random,0.01,7.297e-05,0.02,0.0,0.033844,0.038986,0.044557,0.033844,0.0,False,-0.000226,-0.000271,False
smallworld,0.1,0.1,freq_narrowing,5,random,0.01,0.01,0.00291894,0.0,0.033844,0.042825,0.051329,0.033844,0.0,False,0.003613,0.006501,False
smallworld,0.1,0.1,residual_meanfield,5,random,0.01,0.01,0.02,0.2,0.033844,0.052393,0.076338,0.033844,0.0,False,0.013181,0.03151,True
smallworld,0.1,0.1,none,12,random,0.01,0.01,0.02,0.0,0.133231,0.153117,0.173859,0.133231,0.0,False,0.0,0.0,False
smallworld,0.1,0.1,noise_suppression,12,random,0.01,7.297e-05,0.02,0.0,0.133231,0.153414,0.174403,0.133231,0.0,False,0.000297,0.000544,False
smallworld,0.1,0.1,freq_narrowing,12,random,0.01,0.01,0.00291894,0.0,0.133231,0.150529,0.169118,0.133231,0.0,False,-0.002588,-0.004741,False
smallworld,0.1,0.1,residual_meanfield,12,random,0.01,0.01,0.02,0.2,0.133231,0.211687,0.30894,0.133231,0.0,False,0.05857,0.135081,True
smallworld,0.1,0.1,none,17,random,0.01,0.01,0.02,0.0,0.163877,0.181589,0.200147,0.163877,0.0,False,0.0,0.0,False
smallworld,0.1,0.1,noise_suppression,17,random,0.01,7.297e-05,0.02,0.0,0.163877,0.181831,0.200566,0.163877,0.0,False,0.000242,0.000419,False
smallworld,0.1,0.1,freq_narrowing,17,random,0.01,0.01,0.00291894,0.0,0.163877,0.18325,0.203423,0.163877,0.0,False,0.001661,0.003276,False
smallworld,0.1,0.1,residual_meanfield,17,random,0.01,0.01,0.02,0.2,0.163877,0.246025,0.346982,0.163877,0.0,False,0.064436,0.146835,True
smallworld,0.2,0.2,none,3,random,0.01,0.01,0.02,0.0,0.071065,0.079795,0.087118,0.071065,0.0,False,0.0,0.0,False
smallworld,0.2,0.2,noise_suppression,3,random,0.01,7.297e-05,0.02,0.0,0.071065,0.079927,0.087226,0.071065,0.0,False,0.000132,0.000108,False
smallworld,0.2,0.2,freq_narrowing,3,random,0.01,0.01,0.00291894,0.0,0.071065,0.086461,0.102956,0.071065,0.0,False,0.006666,0.015838,True
smallworld,0.2,0.2,residual_meanfield,3,random,0.01,0.01,0.02,0.2,0.071065,0.107485,0.153527,0.071065,0.0,False,0.02769,0.066409,True
smallworld,0.2,0.2,none,5,random,0.01,0.01,0.02,0.0,0.033844,0.046671,0.056188,0.033844,0.0,False,0.0,0.0,False
smallworld,0.2,0.2,noise_suppression,5,random,0.01,7.297e-05,0.02,0.0,0.033844,0.046376,0.055724,0.033844,0.0,False,-0.000295,-0.000464,False
smallworld,0.2,0.2,freq_narrowing,5,random,0.01,0.01,0.00291894,0.0,0.033844,0.051141,0.064006,0.033844,0.0,False,0.00447,0.007818,False
smallworld,0.2,0.2,residual_meanfield,5,random,0.01,0.01,0.02,0.2,0.033844,0.063321,0.098909,0.033844,0.0,False,0.01665,0.042721,True
smallworld,0.2,0.2,none,12,random,0.01,0.01,0.02,0.0,0.133231,0.171719,0.211266,0.133231,0.0,False,0.0,0.0,False
smallworld,0.2,0.2,noise_suppression,12,random,0.01,7.297e-05,0.02,0.0,0.133231,0.172045,0.211874,0.133231,0.0,False,0.000326,0.000608,False
smallworld,0.2,0.2,freq_narrowing,12,random,0.01,0.01,0.00291894,0.0,0.133231,0.169634,0.208735,0.133231,0.0,False,-0.002085,-0.002531,False
smallworld,0.2,0.2,residual_meanfield,12,random,0.01,0.01,0.02,0.2,0.133231,0.235779,0.360285,0.133231,0.0,False,0.06406,0.149019,True
smallworld,0.2,0.2,none,17,random,0.01,0.01,0.02,0.0,0.163877,0.202816,0.243855,0.163877,0.0,False,0.0,0.0,False
smallworld,0.2,0.2,noise_suppression,17,random,0.01,7.297e-05,0.02,0.0,0.163877,0.203108,0.244375,0.163877,0.0,False,0.000292,0.00052,False
smallworld,0.2,0.2,freq_narrowing,17,random,0.01,0.01,0.00291894,0.0,0.163877,0.204458,0.247546,0.163877,0.0,False,0.001642,0.003691,False
smallworld,0.2,0.2,residual_meanfield,17,random,0.01,0.01,0.02,0.2,0.163877,0.275931,0.415552,0.163877,0.0,False,0.073115,0.171697,True
smallworld,0.5,0.5,none,3,random,0.01,0.01,0.02,0.0,0.071065,0.112235,0.17746,0.071065,0.0,False,0.0,0.0,False
smallworld,0.5,0.5,noise_suppression,3,random,0.01,7.297e-05,0.02,0.0,0.071065,0.112432,0.177631,0.071065,0.0,False,0.000197,0.000171,False
smallworld,0.5,0.5,freq_narrowing,3,random,0.01,0.01,0.00291894,0.0,0.071065,0.124929,0.211541,0.071065,0.0,False,0.012694,0.034081,True
smallworld,0.5,0.5,residual_meanfield,3,random,0.01,0.01,0.02,0.2,0.071065,0.161151,0.319731,0.071065,0.0,False,0.048916,0.142271,True
smallworld,0.5,0.5,none,5,random,0.01,0.01,0.02,0.0,0.033844,0.054453,0.050329,0.033844,0.0,False,0.0,0.0,False
smallworld,0.5,0.5,noise_suppression,5,random,0.01,7.297e-05,0.02,0.0,0.033844,0.054091,0.049558,0.033844,0.0,False,-0.000362,-0.000771,False
smallworld,0.5,0.5,freq_narrowing,5,random,0.01,0.01,0.00291894,0.0,0.033844,0.056511,0.046992,0.033844,0.0,False,0.002058,-0.003337,False
smallworld,0.5,0.5,residual_meanfield,5,random,0.01,0.01,0.02,0.2,0.033844,0.081367,0.124118,0.033844,0.0,False,0.026914,0.073789,True
smallworld,0.5,0.5,none,12,random,0.01,0.01,0.02,0.0,0.133231,0.223184,0.300477,0.133231,0.0,False,0.0,0.0,False
smallworld,0.5,0.5,noise_suppression,12,random,0.01,7.297e-05,0.02,0.0,0.133231,0.223614,0.301471,0.133231,0.0,False,0.00043,0.000994,False
smallworld,0.5,0.5,freq_narrowing,12,random,0.01,0.01,0.00291894,0.0,0.133231,0.22524,0.312146,0.133231,0.0,False,0.002056,0.011669,True
smallworld,0.5,0.5,residual_meanfield,12,random,0.01,0.01,0.02,0.2,0.133231,0.305841,0.512182,0.133231,0.0,False,0.082657,0.211705,True
smallworld,0.5,0.5,none,17,random,0.01,0.01,0.02,0.0,0.163877,0.266801,0.360782,0.163877,0.0,False,0.0,0.0,False
smallworld,0.5,0.5,noise_suppression,17,random,0.01,7.297e-05,0.02,0.0,0.163877,0.267105,0.361244,0.163877,0.0,False,0.000304,0.000462,False
smallworld,0.5,0.5,freq_narrowing,17,random,0.01,0.01,0.00291894,0.0,0.163877,0.269515,0.369543,0.163877,0.0,False,0.002714,0.008761,False
smallworld,0.5,0.5,residual_meanfield,17,random,0.01,0.01,0.02,0.2,0.163877,0.357829,0.571726,0.163877,0.0,False,0.091028,0.210944,True
